<annotation>
	<folder>my-project-name</folder>
	<filename>86.JPG</filename>
	<path>/my-project-name/86.JPG</path>
	<source>
		<database>Unspecified</database>
	</source>
	<size>
		<width>256</width>
		<height>256</height>
		<depth>3</depth>
	</size>
	<object>
		<name>Black Rot</name>
		<pose>Unspecified</pose>
		<truncated>Unspecified</truncated>
		<difficult>Unspecified</difficult>
		<bndbox>
			<xmin>166</xmin>
			<ymin>24</ymin>
			<xmax>188</xmax>
			<ymax>74</ymax>
		</bndbox>
	</object>
	<object>
		<name>Black Rot</name>
		<pose>Unspecified</pose>
		<truncated>Unspecified</truncated>
		<difficult>Unspecified</difficult>
		<bndbox>
			<xmin>186</xmin>
			<ymin>40</ymin>
			<xmax>219</xmax>
			<ymax>67</ymax>
		</bndbox>
	</object>
</annotation>