<annotation>
	<folder>my-project-name</folder>
	<filename>711.JPG</filename>
	<path>/my-project-name/711.JPG</path>
	<source>
		<database>Unspecified</database>
	</source>
	<size>
		<width>256</width>
		<height>256</height>
		<depth>3</depth>
	</size>
	<object>
		<name>Apple Scab</name>
		<pose>Unspecified</pose>
		<truncated>Unspecified</truncated>
		<difficult>Unspecified</difficult>
		<bndbox>
			<xmin>74</xmin>
			<ymin>206</ymin>
			<xmax>87</xmax>
			<ymax>219</ymax>
		</bndbox>
	</object>
	<object>
		<name>Apple Scab</name>
		<pose>Unspecified</pose>
		<truncated>Unspecified</truncated>
		<difficult>Unspecified</difficult>
		<bndbox>
			<xmin>156</xmin>
			<ymin>237</ymin>
			<xmax>168</xmax>
			<ymax>247</ymax>
		</bndbox>
	</object>
</annotation>