<annotation>
	<folder>my-project-name</folder>
	<filename>251.JPG</filename>
	<path>/my-project-name/251.JPG</path>
	<source>
		<database>Unspecified</database>
	</source>
	<size>
		<width>256</width>
		<height>256</height>
		<depth>3</depth>
	</size>
	<object>
		<name>Black Rot</name>
		<pose>Unspecified</pose>
		<truncated>Unspecified</truncated>
		<difficult>Unspecified</difficult>
		<bndbox>
			<xmin>182</xmin>
			<ymin>149</ymin>
			<xmax>185</xmax>
			<ymax>156</ymax>
		</bndbox>
	</object>
	<object>
		<name>Black Rot</name>
		<pose>Unspecified</pose>
		<truncated>Unspecified</truncated>
		<difficult>Unspecified</difficult>
		<bndbox>
			<xmin>120</xmin>
			<ymin>176</ymin>
			<xmax>132</xmax>
			<ymax>185</ymax>
		</bndbox>
	</object>
</annotation>