<annotation>
	<folder>my-project-name</folder>
	<filename>291.JPG</filename>
	<path>/my-project-name/291.JPG</path>
	<source>
		<database>Unspecified</database>
	</source>
	<size>
		<width>256</width>
		<height>256</height>
		<depth>3</depth>
	</size>
	<object>
		<name>Black Rot</name>
		<pose>Unspecified</pose>
		<truncated>Unspecified</truncated>
		<difficult>Unspecified</difficult>
		<bndbox>
			<xmin>82</xmin>
			<ymin>73</ymin>
			<xmax>100</xmax>
			<ymax>88</ymax>
		</bndbox>
	</object>
	<object>
		<name>Black Rot</name>
		<pose>Unspecified</pose>
		<truncated>Unspecified</truncated>
		<difficult>Unspecified</difficult>
		<bndbox>
			<xmin>49</xmin>
			<ymin>20</ymin>
			<xmax>69</xmax>
			<ymax>29</ymax>
		</bndbox>
	</object>
	<object>
		<name>Black Rot</name>
		<pose>Unspecified</pose>
		<truncated>Unspecified</truncated>
		<difficult>Unspecified</difficult>
		<bndbox>
			<xmin>25</xmin>
			<ymin>43</ymin>
			<xmax>38</xmax>
			<ymax>50</ymax>
		</bndbox>
	</object>
	<object>
		<name>Black Rot</name>
		<pose>Unspecified</pose>
		<truncated>Unspecified</truncated>
		<difficult>Unspecified</difficult>
		<bndbox>
			<xmin>190</xmin>
			<ymin>138</ymin>
			<xmax>196</xmax>
			<ymax>144</ymax>
		</bndbox>
	</object>
</annotation>