<annotation>
	<folder>my-project-name</folder>
	<filename>298.JPG</filename>
	<path>/my-project-name/298.JPG</path>
	<source>
		<database>Unspecified</database>
	</source>
	<size>
		<width>256</width>
		<height>256</height>
		<depth>3</depth>
	</size>
	<object>
		<name>Black Rot</name>
		<pose>Unspecified</pose>
		<truncated>Unspecified</truncated>
		<difficult>Unspecified</difficult>
		<bndbox>
			<xmin>54</xmin>
			<ymin>109</ymin>
			<xmax>72</xmax>
			<ymax>122</ymax>
		</bndbox>
	</object>
</annotation>