<annotation>
	<folder>my-project-name</folder>
	<filename>728.JPG</filename>
	<path>/my-project-name/728.JPG</path>
	<source>
		<database>Unspecified</database>
	</source>
	<size>
		<width>256</width>
		<height>256</height>
		<depth>3</depth>
	</size>
	<object>
		<name>Apple Scab</name>
		<pose>Unspecified</pose>
		<truncated>Unspecified</truncated>
		<difficult>Unspecified</difficult>
		<bndbox>
			<xmin>82</xmin>
			<ymin>94</ymin>
			<xmax>102</xmax>
			<ymax>127</ymax>
		</bndbox>
	</object>
	<object>
		<name>Apple Scab</name>
		<pose>Unspecified</pose>
		<truncated>Unspecified</truncated>
		<difficult>Unspecified</difficult>
		<bndbox>
			<xmin>130</xmin>
			<ymin>111</ymin>
			<xmax>144</xmax>
			<ymax>132</ymax>
		</bndbox>
	</object>
	<object>
		<name>Apple Scab</name>
		<pose>Unspecified</pose>
		<truncated>Unspecified</truncated>
		<difficult>Unspecified</difficult>
		<bndbox>
			<xmin>111</xmin>
			<ymin>143</ymin>
			<xmax>129</xmax>
			<ymax>165</ymax>
		</bndbox>
	</object>
	<object>
		<name>Apple Scab</name>
		<pose>Unspecified</pose>
		<truncated>Unspecified</truncated>
		<difficult>Unspecified</difficult>
		<bndbox>
			<xmin>28</xmin>
			<ymin>161</ymin>
			<xmax>48</xmax>
			<ymax>181</ymax>
		</bndbox>
	</object>
	<object>
		<name>Apple Scab</name>
		<pose>Unspecified</pose>
		<truncated>Unspecified</truncated>
		<difficult>Unspecified</difficult>
		<bndbox>
			<xmin>184</xmin>
			<ymin>27</ymin>
			<xmax>198</xmax>
			<ymax>51</ymax>
		</bndbox>
	</object>
	<object>
		<name>Apple Scab</name>
		<pose>Unspecified</pose>
		<truncated>Unspecified</truncated>
		<difficult>Unspecified</difficult>
		<bndbox>
			<xmin>206</xmin>
			<ymin>55</ymin>
			<xmax>216</xmax>
			<ymax>69</ymax>
		</bndbox>
	</object>
</annotation>