<annotation>
	<folder>my-project-name</folder>
	<filename>212.JPG</filename>
	<path>/my-project-name/212.JPG</path>
	<source>
		<database>Unspecified</database>
	</source>
	<size>
		<width>256</width>
		<height>256</height>
		<depth>3</depth>
	</size>
	<object>
		<name>Black Rot</name>
		<pose>Unspecified</pose>
		<truncated>Unspecified</truncated>
		<difficult>Unspecified</difficult>
		<bndbox>
			<xmin>141</xmin>
			<ymin>124</ymin>
			<xmax>190</xmax>
			<ymax>138</ymax>
		</bndbox>
	</object>
	<object>
		<name>Black Rot</name>
		<pose>Unspecified</pose>
		<truncated>Unspecified</truncated>
		<difficult>Unspecified</difficult>
		<bndbox>
			<xmin>165</xmin>
			<ymin>111</ymin>
			<xmax>201</xmax>
			<ymax>121</ymax>
		</bndbox>
	</object>
	<object>
		<name>Black Rot</name>
		<pose>Unspecified</pose>
		<truncated>Unspecified</truncated>
		<difficult>Unspecified</difficult>
		<bndbox>
			<xmin>189</xmin>
			<ymin>90</ymin>
			<xmax>211</xmax>
			<ymax>97</ymax>
		</bndbox>
	</object>
</annotation>