<annotation>
	<folder>my-project-name</folder>
	<filename>800.JPG</filename>
	<path>/my-project-name/800.JPG</path>
	<source>
		<database>Unspecified</database>
	</source>
	<size>
		<width>256</width>
		<height>256</height>
		<depth>3</depth>
	</size>
	<object>
		<name>Apple Scab</name>
		<pose>Unspecified</pose>
		<truncated>Unspecified</truncated>
		<difficult>Unspecified</difficult>
		<bndbox>
			<xmin>123</xmin>
			<ymin>120</ymin>
			<xmax>158</xmax>
			<ymax>145</ymax>
		</bndbox>
	</object>
	<object>
		<name>Apple Scab</name>
		<pose>Unspecified</pose>
		<truncated>Unspecified</truncated>
		<difficult>Unspecified</difficult>
		<bndbox>
			<xmin>127</xmin>
			<ymin>175</ymin>
			<xmax>161</xmax>
			<ymax>197</ymax>
		</bndbox>
	</object>
	<object>
		<name>Apple Scab</name>
		<pose>Unspecified</pose>
		<truncated>Unspecified</truncated>
		<difficult>Unspecified</difficult>
		<bndbox>
			<xmin>145</xmin>
			<ymin>210</ymin>
			<xmax>155</xmax>
			<ymax>222</ymax>
		</bndbox>
	</object>
	<object>
		<name>Apple Scab</name>
		<pose>Unspecified</pose>
		<truncated>Unspecified</truncated>
		<difficult>Unspecified</difficult>
		<bndbox>
			<xmin>101</xmin>
			<ymin>36</ymin>
			<xmax>113</xmax>
			<ymax>51</ymax>
		</bndbox>
	</object>
</annotation>