<annotation>
	<folder>my-project-name</folder>
	<filename>50.JPG</filename>
	<path>/my-project-name/50.JPG</path>
	<source>
		<database>Unspecified</database>
	</source>
	<size>
		<width>256</width>
		<height>256</height>
		<depth>3</depth>
	</size>
	<object>
		<name>Black Rot</name>
		<pose>Unspecified</pose>
		<truncated>Unspecified</truncated>
		<difficult>Unspecified</difficult>
		<bndbox>
			<xmin>67</xmin>
			<ymin>22</ymin>
			<xmax>82</xmax>
			<ymax>35</ymax>
		</bndbox>
	</object>
</annotation>