<annotation>
	<folder>my-project-name</folder>
	<filename>173.JPG</filename>
	<path>/my-project-name/173.JPG</path>
	<source>
		<database>Unspecified</database>
	</source>
	<size>
		<width>256</width>
		<height>256</height>
		<depth>3</depth>
	</size>
	<object>
		<name>Black Rot</name>
		<pose>Unspecified</pose>
		<truncated>Unspecified</truncated>
		<difficult>Unspecified</difficult>
		<bndbox>
			<xmin>106</xmin>
			<ymin>58</ymin>
			<xmax>117</xmax>
			<ymax>68</ymax>
		</bndbox>
	</object>
	<object>
		<name>Black Rot</name>
		<pose>Unspecified</pose>
		<truncated>Unspecified</truncated>
		<difficult>Unspecified</difficult>
		<bndbox>
			<xmin>133</xmin>
			<ymin>121</ymin>
			<xmax>142</xmax>
			<ymax>130</ymax>
		</bndbox>
	</object>
	<object>
		<name>Black Rot</name>
		<pose>Unspecified</pose>
		<truncated>Unspecified</truncated>
		<difficult>Unspecified</difficult>
		<bndbox>
			<xmin>157</xmin>
			<ymin>127</ymin>
			<xmax>169</xmax>
			<ymax>135</ymax>
		</bndbox>
	</object>
	<object>
		<name>Black Rot</name>
		<pose>Unspecified</pose>
		<truncated>Unspecified</truncated>
		<difficult>Unspecified</difficult>
		<bndbox>
			<xmin>198</xmin>
			<ymin>118</ymin>
			<xmax>208</xmax>
			<ymax>124</ymax>
		</bndbox>
	</object>
</annotation>