<annotation>
	<folder>my-project-name</folder>
	<filename>62.JPG</filename>
	<path>/my-project-name/62.JPG</path>
	<source>
		<database>Unspecified</database>
	</source>
	<size>
		<width>256</width>
		<height>256</height>
		<depth>3</depth>
	</size>
	<object>
		<name>Black Rot</name>
		<pose>Unspecified</pose>
		<truncated>Unspecified</truncated>
		<difficult>Unspecified</difficult>
		<bndbox>
			<xmin>183</xmin>
			<ymin>168</ymin>
			<xmax>196</xmax>
			<ymax>179</ymax>
		</bndbox>
	</object>
	<object>
		<name>Black Rot</name>
		<pose>Unspecified</pose>
		<truncated>Unspecified</truncated>
		<difficult>Unspecified</difficult>
		<bndbox>
			<xmin>156</xmin>
			<ymin>173</ymin>
			<xmax>174</xmax>
			<ymax>185</ymax>
		</bndbox>
	</object>
</annotation>