<annotation>
	<folder>my-project-name</folder>
	<filename>826.JPG</filename>
	<path>/my-project-name/826.JPG</path>
	<source>
		<database>Unspecified</database>
	</source>
	<size>
		<width>256</width>
		<height>256</height>
		<depth>3</depth>
	</size>
	<object>
		<name>Apple Scab</name>
		<pose>Unspecified</pose>
		<truncated>Unspecified</truncated>
		<difficult>Unspecified</difficult>
		<bndbox>
			<xmin>107</xmin>
			<ymin>59</ymin>
			<xmax>139</xmax>
			<ymax>88</ymax>
		</bndbox>
	</object>
	<object>
		<name>Apple Scab</name>
		<pose>Unspecified</pose>
		<truncated>Unspecified</truncated>
		<difficult>Unspecified</difficult>
		<bndbox>
			<xmin>150</xmin>
			<ymin>95</ymin>
			<xmax>169</xmax>
			<ymax>133</ymax>
		</bndbox>
	</object>
</annotation>