<annotation>
	<folder>my-project-name</folder>
	<filename>738.JPG</filename>
	<path>/my-project-name/738.JPG</path>
	<source>
		<database>Unspecified</database>
	</source>
	<size>
		<width>256</width>
		<height>256</height>
		<depth>3</depth>
	</size>
	<object>
		<name>Apple Scab</name>
		<pose>Unspecified</pose>
		<truncated>Unspecified</truncated>
		<difficult>Unspecified</difficult>
		<bndbox>
			<xmin>50</xmin>
			<ymin>71</ymin>
			<xmax>102</xmax>
			<ymax>98</ymax>
		</bndbox>
	</object>
	<object>
		<name>Apple Scab</name>
		<pose>Unspecified</pose>
		<truncated>Unspecified</truncated>
		<difficult>Unspecified</difficult>
		<bndbox>
			<xmin>131</xmin>
			<ymin>75</ymin>
			<xmax>160</xmax>
			<ymax>95</ymax>
		</bndbox>
	</object>
</annotation>