<annotation>
	<folder>my-project-name</folder>
	<filename>699.JPG</filename>
	<path>/my-project-name/699.JPG</path>
	<source>
		<database>Unspecified</database>
	</source>
	<size>
		<width>256</width>
		<height>256</height>
		<depth>3</depth>
	</size>
	<object>
		<name>Apple Scab</name>
		<pose>Unspecified</pose>
		<truncated>Unspecified</truncated>
		<difficult>Unspecified</difficult>
		<bndbox>
			<xmin>119</xmin>
			<ymin>15</ymin>
			<xmax>149</xmax>
			<ymax>34</ymax>
		</bndbox>
	</object>
	<object>
		<name>Apple Scab</name>
		<pose>Unspecified</pose>
		<truncated>Unspecified</truncated>
		<difficult>Unspecified</difficult>
		<bndbox>
			<xmin>114</xmin>
			<ymin>40</ymin>
			<xmax>138</xmax>
			<ymax>55</ymax>
		</bndbox>
	</object>
	<object>
		<name>Apple Scab</name>
		<pose>Unspecified</pose>
		<truncated>Unspecified</truncated>
		<difficult>Unspecified</difficult>
		<bndbox>
			<xmin>119</xmin>
			<ymin>55</ymin>
			<xmax>137</xmax>
			<ymax>66</ymax>
		</bndbox>
	</object>
	<object>
		<name>Apple Scab</name>
		<pose>Unspecified</pose>
		<truncated>Unspecified</truncated>
		<difficult>Unspecified</difficult>
		<bndbox>
			<xmin>144</xmin>
			<ymin>34</ymin>
			<xmax>172</xmax>
			<ymax>45</ymax>
		</bndbox>
	</object>
	<object>
		<name>Apple Scab</name>
		<pose>Unspecified</pose>
		<truncated>Unspecified</truncated>
		<difficult>Unspecified</difficult>
		<bndbox>
			<xmin>183</xmin>
			<ymin>83</ymin>
			<xmax>201</xmax>
			<ymax>97</ymax>
		</bndbox>
	</object>
	<object>
		<name>Apple Scab</name>
		<pose>Unspecified</pose>
		<truncated>Unspecified</truncated>
		<difficult>Unspecified</difficult>
		<bndbox>
			<xmin>215</xmin>
			<ymin>126</ymin>
			<xmax>242</xmax>
			<ymax>147</ymax>
		</bndbox>
	</object>
	<object>
		<name>Apple Scab</name>
		<pose>Unspecified</pose>
		<truncated>Unspecified</truncated>
		<difficult>Unspecified</difficult>
		<bndbox>
			<xmin>192</xmin>
			<ymin>187</ymin>
			<xmax>221</xmax>
			<ymax>203</ymax>
		</bndbox>
	</object>
	<object>
		<name>Apple Scab</name>
		<pose>Unspecified</pose>
		<truncated>Unspecified</truncated>
		<difficult>Unspecified</difficult>
		<bndbox>
			<xmin>38</xmin>
			<ymin>132</ymin>
			<xmax>69</xmax>
			<ymax>147</ymax>
		</bndbox>
	</object>
</annotation>