<annotation>
	<folder>my-project-name</folder>
	<filename>727.JPG</filename>
	<path>/my-project-name/727.JPG</path>
	<source>
		<database>Unspecified</database>
	</source>
	<size>
		<width>256</width>
		<height>256</height>
		<depth>3</depth>
	</size>
	<object>
		<name>Apple Scab</name>
		<pose>Unspecified</pose>
		<truncated>Unspecified</truncated>
		<difficult>Unspecified</difficult>
		<bndbox>
			<xmin>37</xmin>
			<ymin>18</ymin>
			<xmax>243</xmax>
			<ymax>255</ymax>
		</bndbox>
	</object>
</annotation>