<annotation>
	<folder>my-project-name</folder>
	<filename>285.JPG</filename>
	<path>/my-project-name/285.JPG</path>
	<source>
		<database>Unspecified</database>
	</source>
	<size>
		<width>256</width>
		<height>256</height>
		<depth>3</depth>
	</size>
	<object>
		<name>Black Rot</name>
		<pose>Unspecified</pose>
		<truncated>Unspecified</truncated>
		<difficult>Unspecified</difficult>
		<bndbox>
			<xmin>219</xmin>
			<ymin>78</ymin>
			<xmax>227</xmax>
			<ymax>88</ymax>
		</bndbox>
	</object>
	<object>
		<name>Black Rot</name>
		<pose>Unspecified</pose>
		<truncated>Unspecified</truncated>
		<difficult>Unspecified</difficult>
		<bndbox>
			<xmin>135</xmin>
			<ymin>156</ymin>
			<xmax>142</xmax>
			<ymax>163</ymax>
		</bndbox>
	</object>
</annotation>