<annotation>
	<folder>my-project-name</folder>
	<filename>294.JPG</filename>
	<path>/my-project-name/294.JPG</path>
	<source>
		<database>Unspecified</database>
	</source>
	<size>
		<width>256</width>
		<height>256</height>
		<depth>3</depth>
	</size>
	<object>
		<name>Black Rot</name>
		<pose>Unspecified</pose>
		<truncated>Unspecified</truncated>
		<difficult>Unspecified</difficult>
		<bndbox>
			<xmin>176</xmin>
			<ymin>42</ymin>
			<xmax>182</xmax>
			<ymax>71</ymax>
		</bndbox>
	</object>
	<object>
		<name>Black Rot</name>
		<pose>Unspecified</pose>
		<truncated>Unspecified</truncated>
		<difficult>Unspecified</difficult>
		<bndbox>
			<xmin>159</xmin>
			<ymin>166</ymin>
			<xmax>166</xmax>
			<ymax>178</ymax>
		</bndbox>
	</object>
</annotation>